username,first_name,last_name,salary,designation,DOB,Created_at,job_type,is_active,id
user1,Heather,Callahan,50000,Engineer,26/08/2020,30/12/2020 01:30:40,Full-time,TRUE,1
user2,Kristina,Ferrell,60000,Manager,27/04/2020,03/11/2023 01:30:44,Full-time,TRUE,2
user3,Briana,Andersen,55000,Developer,22/03/2022,30/12/2020 01:30:00,Part-time,TRUE,3
user4,Patty,Ponce,65000,Analyst,02/07/2020,03/11/2023 01:30:44,Full-time,FALSE,4
user5,Kathleen,Mccormick,70000,Designer,17/01/2021,30/12/2020 01:30:50,Full-time,TRUE,5
user6,Trevor,Lee,48000,Engineer,13/08/2021,03/11/2023 01:30:44,Part-time,TRUE,6
user7,Mathew,Hoffman,52000,Developer,09/04/2020,30/12/2020 01:35:30,Full-time,FALSE,7
user8,Glenn,Wiggins,75000,Manager,02/04/2021,03/11/2023 01:30:44,Full-time,TRUE,8
user9,Bruce,Payne,60000,Analyst,26/11/2020,30/12/2020 01:20:20,Part-time,TRUE,9
user10,Brendan,Franco,58000,Designer,29/06/2021,03/11/2023 01:30:44,Full-time,TRUE,10
user11,Martin,Hawkins,53000,Engineer,02/05/2021,30/12/2020 01:30:40,Full-time,TRUE,11
user12,Sara,Shaffer,68000,Manager,07/04/2021,03/11/2023 01:30:44,Full-time,TRUE,12
user13,Dave,Moran,51000,Developer,28/02/2020,30/12/2020 01:30:00,Part-time,FALSE,13
user14,Glen,Hammond,72000,Analyst,03/03/2022,03/11/2023 01:30:44,Full-time,TRUE,14
user15,Catherine,Blackwell,47000,Designer,30/03/2021,30/12/2020 01:30:50,Full-time,TRUE,15
user16,Larry,Newton,54000,Engineer,09/08/2020,03/11/2023 01:30:44,Part-time,FALSE,16
user17,Danny,Archer,56000,Developer,21/05/2021,30/12/2020 01:35:30,Full-time,TRUE,17
user18,Kim,Griffin,76000,Manager,02/06/2021,03/11/2023 01:30:44,Full-time,TRUE,18
user19,Kristin,Valencia,59000,Analyst,17/04/2021,30/12/2020 01:20:20,Part-time,FALSE,19
user20,Hannah,Ramsey,73000,Designer,30/12/2020,03/11/2023 01:30:44,Full-time,TRUE,20
user21,Barry,Meadows,50000,Engineer,01/01/2020,30/12/2020 01:30:40,Full-time,TRUE,21
user22,Roy,Brock,60000,Manager,27/06/2021,03/11/2023 01:30:44,Full-time,TRUE,22
user23,Patricia,Pope,55000,Developer,19/05/2020,30/12/2020 01:30:00,Full-time,TRUE,23
user24,Alan,Stanton,65000,Analyst,23/01/2020,03/11/2023 01:30:44,Full-time,TRUE,24
user25,Philip,Flynn,70000,Designer,05/09/2020,30/12/2020 01:30:50,Full-time,TRUE,25
user26,Mackenzie,Williamson,48000,Engineer,06/03/2020,03/11/2023 01:30:44,Full-time,TRUE,26
user27,Emily,Calderon,52000,Developer,17/06/2021,30/12/2020 01:35:30,Full-time,TRUE,27
user28,Roberta,Walton,75000,Manager,15/11/2020,03/11/2023 01:30:44,Full-time,TRUE,28
user29,Steve,Mack,60000,Analyst,01/03/2021,30/12/2020 01:20:20,Full-time,TRUE,29
user30,Pedro,Jacobson,58000,Designer,02/09/2021,03/11/2023 01:30:44,Full-time,TRUE,30
user31,Daniel,Harper,53000,Engineer,06/07/2020,30/12/2020 01:30:40,Full-time,TRUE,31
user32,Danny,Mayer,68000,Manager,15/07/2020,03/11/2023 01:30:44,Full-time,TRUE,32
user33,Jasmine,Owens,51000,Developer,02/01/2022,30/12/2020 01:30:00,Full-time,TRUE,33
user34,Ashley,Davies,72000,Analyst,09/03/2021,03/11/2023 01:30:44,Full-time,TRUE,34
user35,Shawn,Cruz,47000,Designer,03/05/2022,30/12/2020 01:30:50,Full-time,TRUE,35
user36,Francis,Hubbard,54000,Engineer,17/03/2021,03/11/2023 01:30:44,Full-time,TRUE,36
user37,Richard,Bennett,56000,Developer,12/01/2021,30/12/2020 01:35:30,Full-time,TRUE,37
user38,Vanessa,Hansen,76000,Manager,14/01/2020,03/11/2023 01:30:44,Full-time,TRUE,38
user39,Joyce,Foster,59000,Analyst,29/10/2020,30/12/2020 01:20:20,Full-time,TRUE,39
user40,Marc,Medina,73000,Designer,02/03/2020,03/11/2023 01:30:44,Full-time,TRUE,40
user41,Darren,Santana,50000,Engineer,11/06/2021,30/12/2020 01:30:40,Full-time,TRUE,41
user42,Mario,Moreno,60000,Manager,12/02/2022,03/11/2023 01:30:44,Full-time,TRUE,42
user43,Daniel,Bush,55000,Developer,13/02/2020,30/12/2020 01:30:00,Full-time,TRUE,43
user44,Vanessa,Davenport,65000,Analyst,10/05/2020,03/11/2023 01:30:44,Full-time,TRUE,44
user45,Donald,Terry,70000,Designer,04/01/2021,30/12/2020 01:30:50,Full-time,TRUE,45
user46,Jill,Esparza,48000,Engineer,24/09/2020,03/11/2023 01:30:44,Full-time,TRUE,46
user47,Tyler,Richard,52000,Developer,17/04/2022,30/12/2020 01:35:30,Full-time,TRUE,47
user48,Sonya,Moore,75000,Manager,25/12/2021,03/11/2023 01:30:44,Full-time,TRUE,48
user49,Jonathon,Gillespie,60000,Analyst,23/06/2020,30/12/2020 01:20:20,Full-time,TRUE,49
user50,Ryan,Lin,58000,Designer,06/10/2021,03/11/2023 01:30:44,Full-time,TRUE,50
user51,Joel,Thomas,53000,Engineer,21/10/2021,30/12/2020 01:30:40,Full-time,TRUE,51
user52,Judith,Fischer,68000,Manager,26/01/2020,03/11/2023 01:30:44,Full-time,TRUE,52
user53,Roy,West,51000,Developer,22/01/2020,30/12/2020 01:30:00,Full-time,TRUE,53
user54,Rebekah,Morton,72000,Analyst,19/08/2021,03/11/2023 01:30:44,Full-time,TRUE,54
user55,Jeremy,Guerra,47000,Designer,12/05/2022,30/12/2020 01:30:50,Full-time,TRUE,55
user56,Brett,Shelton,54000,Engineer,21/04/2022,03/11/2023 01:30:44,Full-time,TRUE,56
user57,Gilbert,Meza,56000,Developer,12/11/2020,30/12/2020 01:35:30,Full-time,TRUE,57
user58,Kurt,Tapia,76000,Manager,11/10/2020,03/11/2023 01:30:44,Full-time,TRUE,58
user59,Sarah,Powell,59000,Analyst,30/09/2021,30/12/2020 01:20:20,Full-time,TRUE,59
user60,Andrea,Irwin,73000,Designer,26/06/2021,03/11/2023 01:30:44,Full-time,TRUE,60
user61,Aimee,Hodge,50000,Engineer,22/10/2021,30/12/2020 01:30:40,Full-time,TRUE,61
user62,Doris,Drake,60000,Manager,03/03/2022,30/12/2020 01:30:40,Full-time,TRUE,62
user63,Randy,Tran,55000,Developer,02/09/2020,03/11/2023 01:30:44,Full-time,TRUE,63
user64,Allison,Webster,65000,Analyst,10/03/2020,30/12/2020 01:30:00,Full-time,TRUE,64
user65,Nicholas,Mcclure,70000,Designer,15/03/2021,03/11/2023 01:30:44,Full-time,TRUE,65
user66,Gene,Wu,48000,Engineer,05/10/2021,30/12/2020 01:30:50,Full-time,TRUE,66
user67,Kelli,Bridges,52000,Developer,05/12/2021,03/11/2023 01:30:44,Full-time,TRUE,67
user68,Summer,Washington,75000,Manager,26/09/2021,30/12/2020 01:35:30,Full-time,TRUE,68
user69,Ann,Ayala,60000,Analyst,05/12/2020,03/11/2023 01:30:44,Full-time,TRUE,69
user70,Alfred,Hooper,58000,Designer,15/03/2020,30/12/2020 01:20:20,Full-time,TRUE,70
user71,Brandon,Robbins,53000,Engineer,20/12/2020,03/11/2023 01:30:44,Full-time,TRUE,71
user72,Wesley,Cobb,68000,Manager,22/06/2021,30/12/2020 01:30:40,Full-time,TRUE,72
user73,Caleb,Salas,51000,Developer,12/01/2020,03/11/2023 01:30:44,Full-time,TRUE,73
user74,George,Long,72000,Analyst,09/01/2022,30/12/2020 01:30:00,Full-time,TRUE,74
user75,Taylor,Kemp,47000,Designer,21/07/2020,03/11/2023 01:30:44,Full-time,TRUE,75
user76,Steve,Horn,54000,Engineer,26/02/2020,30/12/2020 01:30:50,Full-time,TRUE,76
user77,Danielle,Spears,56000,Developer,13/09/2021,03/11/2023 01:30:44,Full-time,TRUE,77
user78,Jillian,Ortiz,76000,Manager,21/05/2020,30/12/2020 01:35:30,Full-time,TRUE,78
user79,Joshua,Ortega,59000,Analyst,29/09/2021,03/11/2023 01:30:44,Full-time,TRUE,79
user80,Sherry,Cantu,73000,Designer,02/11/2020,30/12/2020 01:20:20,Full-time,TRUE,80
user81,Eric,Pittman,50000,Engineer,05/09/2020,03/11/2023 01:30:44,Full-time,TRUE,81
user82,Wanda,Cowan,60000,Manager,24/09/2021,30/12/2020 01:30:40,Full-time,TRUE,82
user83,John,Chen,55000,Developer,30/04/2020,03/11/2023 01:30:44,Full-time,TRUE,83
user84,Francisco,Stanley,65000,Analyst,12/12/2020,30/12/2020 01:30:00,Full-time,TRUE,84
user85,Dillon,Gallegos,70000,Designer,13/10/2020,03/11/2023 01:30:44,Full-time,TRUE,85
user86,Rebekah,Pruitt,48000,Engineer,17/08/2021,30/12/2020 01:30:50,Full-time,TRUE,86
user87,Marcia,Vaughan,52000,Developer,22/10/2020,03/11/2023 01:30:44,Full-time,TRUE,87
user88,Sierra,Bautista,75000,Manager,27/05/2020,30/12/2020 01:35:30,Full-time,TRUE,88
user89,Kevin,Chase,60000,Analyst,23/06/2020,03/11/2023 01:30:44,Full-time,TRUE,89
user90,Ronnie,Hurley,58000,Designer,25/04/2021,30/12/2020 01:20:20,Full-time,TRUE,90
user91,Justin,Huang,53000,Engineer,16/05/2022,03/11/2023 01:30:44,Full-time,TRUE,91
user92,Phyllis,Cummings,68000,Manager,20/09/2020,30/12/2020 01:30:40,Full-time,TRUE,92
user93,Collin,Jackson,51000,Developer,11/02/2021,03/11/2023 01:30:44,Full-time,TRUE,93
user94,Terry,Chapman,72000,Analyst,14/04/2022,30/12/2020 01:30:00,Full-time,TRUE,94
user95,Greg,Cortez,47000,Designer,20/03/2021,03/11/2023 01:30:44,Full-time,TRUE,95
user96,Elaine,Hendrix,54000,Engineer,24/12/2020,30/12/2020 01:30:50,Full-time,TRUE,96
user97,Marvin,Buchanan,56000,Developer,22/04/2020,03/11/2023 01:30:44,Full-time,TRUE,97
user98,Paul,Moore,76000,Manager,10/12/2021,30/12/2020 01:35:30,Full-time,TRUE,98
user99,Grant,Tanner,59000,Analyst,15/05/2022,03/11/2023 01:30:44,Full-time,TRUE,99
user100,Aimee,Sims,73000,Designer,27/07/2021,30/12/2020 01:20:20,Full-time,TRUE,100
user101,Tammie,Strong,50000,Engineer,22/10/2021,03/11/2023 01:30:44,Full-time,TRUE,101
user102,Lindsay,Mullins,60000,Manager,24/07/2021,30/12/2020 01:30:40,Full-time,TRUE,102
user103,Cristian,Rush,55000,Developer,12/12/2021,03/11/2023 01:30:44,Full-time,TRUE,103
user104,Terri,Hurst,65000,Analyst,30/06/2020,30/12/2020 01:30:00,Full-time,TRUE,104
user105,Bobby,Collier,70000,Designer,11/04/2020,03/11/2023 01:30:44,Full-time,TRUE,105
user106,Misty,Sanchez,48000,Engineer,09/07/2021,30/12/2020 01:30:50,Full-time,TRUE,106
user107,Christine,Manning,52000,Developer,24/01/2021,03/11/2023 01:30:44,Full-time,TRUE,107
user108,Rachael,Forbes,75000,Manager,02/03/2020,30/12/2020 01:35:30,Full-time,TRUE,108
user109,Jasmine,Ryan,60000,Analyst,24/06/2020,03/11/2023 01:30:44,Full-time,TRUE,109
user110,Yvette,Short,58000,Designer,03/01/2020,30/12/2020 01:20:20,Full-time,TRUE,110
user111,Chad,Henry,53000,Engineer,05/07/2020,03/11/2023 01:30:44,Full-time,TRUE,111
user112,Dustin,West,68000,Manager,29/12/2020,30/12/2020 01:30:40,Full-time,TRUE,112
user113,Noah,Gallagher,51000,Developer,06/02/2021,03/11/2023 01:30:44,Full-time,TRUE,113
user114,George,Wiley,72000,Analyst,07/08/2020,30/12/2020 01:30:00,Full-time,TRUE,114
user115,Ralph,Merritt,47000,Designer,10/04/2021,03/11/2023 01:30:44,Full-time,TRUE,115
user116,Daryl,Mejia,54000,Engineer,23/07/2021,30/12/2020 01:30:50,Full-time,TRUE,116
user117,Monica,Alvarez,56000,Developer,30/08/2020,03/11/2023 01:30:44,Full-time,TRUE,117
user118,Alejandra,Berger,76000,Manager,23/05/2020,30/12/2020 01:35:30,Full-time,TRUE,118
user119,Charles,Daniel,59000,Analyst,25/03/2020,03/11/2023 01:30:44,Full-time,TRUE,119
user120,Frank,Mueller,73000,Designer,13/05/2022,30/12/2020 01:20:20,Full-time,TRUE,120
user121,Curtis,Middleton,50000,Engineer,28/06/2021,03/11/2023 01:30:44,Full-time,TRUE,121
user122,Holly,Fletcher,60000,Manager,17/03/2021,30/12/2020 01:30:40,Full-time,TRUE,122
user123,Samuel,Wong,55000,Developer,29/09/2021,03/11/2023 01:30:44,Full-time,TRUE,123
user124,Duane,Brock,65000,Analyst,07/05/2020,30/12/2020 01:30:00,Full-time,TRUE,124
user125,Kendra,Petersen,70000,Designer,12/09/2021,03/11/2023 01:30:44,Full-time,TRUE,125
user126,Warren,Fuller,48000,Engineer,04/10/2020,30/12/2020 01:30:50,Full-time,TRUE,126
user127,Jeremiah,Klein,52000,Developer,13/02/2020,03/11/2023 01:30:44,Full-time,TRUE,127
user128,Glenn,Richards,75000,Manager,20/12/2021,30/12/2020 01:35:30,Full-time,TRUE,128
user129,Austin,Fitzpatrick,60000,Analyst,17/06/2020,03/11/2023 01:30:44,Full-time,TRUE,129
user130,Kimberly,Gregory,58000,Designer,28/10/2021,30/12/2020 01:20:20,Full-time,TRUE,130
user131,Brady,Mckay,53000,Engineer,25/05/2021,03/11/2023 01:30:44,Full-time,TRUE,131
user132,Suzanne,Rhodes,68000,Manager,15/01/2022,30/12/2020 01:30:40,Full-time,TRUE,132
user133,Carolyn,Byrd,51000,Developer,26/04/2020,03/11/2023 01:30:44,Full-time,TRUE,133
user134,Allison,Miller,72000,Analyst,15/01/2022,30/12/2020 01:30:00,Full-time,TRUE,134
user135,Shaun,Marsh,47000,Designer,15/07/2021,03/11/2023 01:30:44,Full-time,TRUE,135
user136,Bryan,Paul,54000,Engineer,27/11/2021,30/12/2020 01:30:50,Full-time,TRUE,136
user137,Jay,Oconnell,56000,Developer,26/09/2021,03/11/2023 01:30:44,Full-time,TRUE,137
user138,Lorraine,Bradshaw,76000,Manager,25/12/2021,30/12/2020 01:35:30,Full-time,TRUE,138
user139,Joe,Chase,59000,Analyst,25/04/2022,03/11/2023 01:30:44,Full-time,TRUE,139
user140,Cameron,Crawford,73000,Designer,18/11/2021,30/12/2020 01:20:20,Full-time,TRUE,140
user141,Daniel,Vance,50000,Engineer,17/04/2022,03/11/2023 01:30:44,Full-time,TRUE,141
user142,Ryan,Sanford,60000,Manager,18/05/2021,30/12/2020 01:30:40,Full-time,TRUE,142
user143,Stefanie,Singleton,55000,Developer,29/10/2021,03/11/2023 01:30:44,Full-time,TRUE,143
user144,Kimberly,Sutton,65000,Analyst,19/09/2021,30/12/2020 01:30:00,Full-time,TRUE,144
user145,Susan,Eaton,70000,Designer,27/04/2021,03/11/2023 01:30:44,Full-time,TRUE,145
user146,Paula,Huff,48000,Engineer,01/08/2021,30/12/2020 01:30:50,Full-time,TRUE,146
user147,Diamond,Pollard,52000,Developer,02/03/2020,03/11/2023 01:30:44,Full-time,TRUE,147
user148,Rose,Hunter,75000,Manager,22/03/2020,30/12/2020 01:35:30,Full-time,TRUE,148
user149,Casey,Miles,60000,Analyst,17/09/2021,03/11/2023 01:30:44,Full-time,TRUE,149
user150,Jennifer,May,58000,Designer,08/09/2021,30/12/2020 01:20:20,Full-time,TRUE,150
user151,Kim,Garza,53000,Engineer,23/01/2021,03/11/2023 01:30:44,Full-time,TRUE,151
user152,Monica,Brown,68000,Manager,08/09/2021,30/12/2020 01:30:40,Full-time,TRUE,152
user153,Tyler,Oconnell,51000,Developer,15/06/2020,30/12/2020 01:30:40,Full-time,TRUE,153
user154,Eduardo,Garrett,72000,Analyst,30/04/2020,03/11/2023 01:30:44,Full-time,TRUE,154
user155,Christian,Bender,47000,Designer,12/10/2020,30/12/2020 01:30:00,Full-time,TRUE,155
user156,Mackenzie,Harrison,54000,Engineer,31/10/2020,03/11/2023 01:30:44,Full-time,TRUE,156
user157,Kevin,Fowler,56000,Developer,27/08/2020,30/12/2020 01:30:50,Full-time,TRUE,157
user158,Veronica,Golden,76000,Manager,31/03/2020,03/11/2023 01:30:44,Full-time,TRUE,158
user159,Tanner,Lawson,59000,Analyst,31/10/2020,30/12/2020 01:35:30,Full-time,TRUE,159
user160,Bridget,Vaughan,73000,Designer,31/01/2021,03/11/2023 01:30:44,Full-time,TRUE,160
user161,Jody,Hoover,50000,Engineer,27/05/2021,30/12/2020 01:20:20,Full-time,TRUE,161
user162,Andrew,Boyle,60000,Manager,13/01/2022,03/11/2023 01:30:44,Full-time,TRUE,162
user163,Ebony,Noble,55000,Developer,24/06/2020,30/12/2020 01:30:40,Full-time,TRUE,163
user164,Jeffrey,Molina,65000,Analyst,18/09/2020,03/11/2023 01:30:44,Full-time,TRUE,164
user165,Philip,Christian,70000,Designer,19/10/2020,30/12/2020 01:30:00,Full-time,TRUE,165
user166,Patty,Estes,48000,Engineer,08/02/2021,03/11/2023 01:30:44,Full-time,TRUE,166
user167,Walter,Myers,52000,Developer,05/07/2021,30/12/2020 01:30:50,Full-time,TRUE,167
user168,Connie,Barker,75000,Manager,03/07/2021,03/11/2023 01:30:44,Full-time,TRUE,168
user169,Gabriella,Huerta,60000,Analyst,17/09/2020,30/12/2020 01:35:30,Full-time,TRUE,169
user170,Shawn,Knight,58000,Designer,05/08/2020,03/11/2023 01:30:44,Full-time,TRUE,170
user171,Steve,Booth,53000,Engineer,12/10/2021,30/12/2020 01:20:20,Full-time,TRUE,171
user172,Bridget,Guerra,68000,Manager,25/01/2021,03/11/2023 01:30:44,Full-time,TRUE,172
user173,Ashlee,Murillo,51000,Developer,18/05/2021,30/12/2020 01:30:40,Full-time,TRUE,173
user174,Sonya,Lawrence,72000,Analyst,16/03/2021,03/11/2023 01:30:44,Full-time,TRUE,174
user175,Monique,Ewing,47000,Designer,16/12/2021,30/12/2020 01:30:40,Full-time,TRUE,175
user176,Dominique,Pacheco,54000,Engineer,05/05/2020,03/11/2023 01:30:44,Full-time,TRUE,176
user177,Brandon,Browning,56000,Developer,17/04/2021,30/12/2020 01:30:00,Full-time,TRUE,177
user178,Claudia,Woods,76000,Manager,17/10/2020,03/11/2023 01:30:44,Full-time,TRUE,178
user179,Tanner,Lopez,59000,Analyst,24/11/2020,30/12/2020 01:30:50,Full-time,TRUE,179
user180,Martha,Small,73000,Designer,17/01/2021,03/11/2023 01:30:44,Full-time,TRUE,180
user181,Leah,Kirk,50000,Engineer,25/04/2021,30/12/2020 01:35:30,Full-time,TRUE,181
user182,Courtney,Arellano,60000,Manager,13/11/2020,03/11/2023 01:30:44,Full-time,TRUE,182
user183,Stacy,Hayden,55000,Developer,24/11/2021,30/12/2020 01:20:20,Full-time,TRUE,183
user184,Glen,Bullock,65000,Analyst,23/03/2020,03/11/2023 01:30:44,Full-time,TRUE,184
user185,Jade,Leonard,70000,Designer,19/10/2020,30/12/2020 01:30:40,Full-time,TRUE,185
user186,Gabriela,Mcfarland,48000,Engineer,14/06/2020,03/11/2023 01:30:44,Full-time,TRUE,186
user187,Gavin,Steele,52000,Developer,27/09/2020,30/12/2020 01:30:00,Full-time,TRUE,187
user188,Gloria,Boone,75000,Manager,29/01/2020,03/11/2023 01:30:44,Full-time,TRUE,188
user189,Danielle,Moyer,60000,Analyst,30/12/2020,30/12/2020 01:30:50,Full-time,TRUE,189
user190,Autumn,Reese,58000,Designer,10/04/2020,03/11/2023 01:30:44,Full-time,TRUE,190
user191,Melissa,Bullock,53000,Engineer,30/09/2021,30/12/2020 01:35:30,Full-time,TRUE,191
user192,Rickey,Paul,68000,Manager,10/04/2020,03/11/2023 01:30:44,Full-time,TRUE,192
user193,Barbara,Cardenas,51000,Developer,10/03/2021,30/12/2020 01:20:20,Full-time,TRUE,193
user194,Angel,Velez,72000,Analyst,17/04/2021,03/11/2023 01:30:44,Full-time,TRUE,194
user195,Kaitlyn,Collins,47000,Designer,06/11/2020,30/12/2020 01:30:40,Full-time,TRUE,195
user196,Amanda,Harper,54000,Engineer,22/03/2020,03/11/2023 01:30:44,Full-time,TRUE,196
user197,Rita,Serrano,56000,Developer,17/03/2022,30/12/2020 01:30:00,Full-time,TRUE,197
user198,Stephen,Robbins,76000,Manager,24/03/2022,03/11/2023 01:30:44,Full-time,TRUE,198
user199,Robyn,Abbott,59000,Analyst,31/12/2020,30/12/2020 01:30:50,Full-time,TRUE,199
user200,Javier,Cantrell,73000,Designer,04/09/2021,03/11/2023 01:30:44,Full-time,TRUE,200
user201,Seth,Washington,50000,Engineer,01/03/2021,30/12/2020 01:35:30,Full-time,TRUE,201
user202,Marvin,Suarez,60000,Manager,16/01/2022,03/11/2023 01:30:44,Full-time,TRUE,202
user203,Norman,Washington,55000,Developer,10/01/2021,30/12/2020 01:20:20,Full-time,TRUE,203
user204,Leroy,Hamilton,65000,Analyst,02/10/2020,30/12/2020 01:30:40,Full-time,TRUE,204
user205,Heidi,Fletcher,70000,Designer,22/08/2021,03/11/2023 01:30:44,Full-time,TRUE,205
user206,Jose,Morse,48000,Engineer,17/05/2020,30/12/2020 01:30:00,Full-time,TRUE,206
user207,Sue,Pruitt,52000,Developer,21/10/2020,03/11/2023 01:30:44,Full-time,TRUE,207
user208,Alejandro,Peterson,75000,Manager,04/08/2021,30/12/2020 01:30:50,Full-time,TRUE,208
user209,Joel,Pearson,60000,Analyst,13/01/2022,03/11/2023 01:30:44,Full-time,TRUE,209
user210,Gina,Meadows,58000,Designer,09/09/2021,30/12/2020 01:35:30,Full-time,TRUE,210
user211,Claudia,Dickson,53000,Engineer,17/08/2020,03/11/2023 01:30:44,Full-time,TRUE,211
user212,Mandy,Shannon,68000,Manager,01/02/2021,30/12/2020 01:20:20,Full-time,TRUE,212
user213,Darlene,Vasquez,51000,Developer,28/01/2021,03/11/2023 01:30:44,Full-time,TRUE,213
user214,Tyrone,Oconnell,72000,Analyst,03/03/2022,30/12/2020 01:30:40,Full-time,TRUE,214
user215,Christine,Walker,47000,Designer,15/01/2021,03/11/2023 01:30:44,Full-time,TRUE,215
user216,Kristopher,Shah,54000,Engineer,05/07/2020,30/12/2020 01:30:00,Full-time,TRUE,216
user217,Eric,Mitchell,56000,Developer,05/12/2020,03/11/2023 01:30:44,Full-time,TRUE,217
user218,Christian,Schmidt,76000,Manager,11/05/2021,30/12/2020 01:30:50,Full-time,TRUE,218
user219,David,Simpson,59000,Analyst,01/03/2020,03/11/2023 01:30:44,Full-time,TRUE,219
user220,Cassandra,Keith,73000,Designer,03/05/2020,30/12/2020 01:35:30,Full-time,TRUE,220
user221,Leah,Hoffman,50000,Engineer,17/12/2021,03/11/2023 01:30:44,Full-time,TRUE,221
user222,Carmen,Tyler,60000,Manager,26/10/2020,30/12/2020 01:20:20,Full-time,TRUE,222
user223,Holly,Ford,55000,Developer,10/09/2020,03/11/2023 01:30:44,Full-time,TRUE,223
user224,Max,Gates,65000,Analyst,11/02/2020,30/12/2020 01:30:40,Full-time,TRUE,224
user225,Breanna,Gaines,70000,Designer,26/01/2022,03/11/2023 01:30:44,Full-time,TRUE,225
user226,Kendra,Wilson,48000,Engineer,16/02/2021,30/12/2020 01:30:00,Full-time,TRUE,226
user227,Madeline,Jordan,52000,Developer,15/03/2021,03/11/2023 01:30:44,Full-time,TRUE,227
user228,Ernest,Stafford,75000,Manager,27/03/2020,30/12/2020 01:30:50,Full-time,TRUE,228
user229,Olivia,Saunders,60000,Analyst,30/03/2021,03/11/2023 01:30:44,Full-time,TRUE,229
user230,Tricia,Barrera,58000,Designer,29/12/2021,30/12/2020 01:35:30,Full-time,TRUE,230
user231,Carly,Bullock,53000,Engineer,13/07/2021,03/11/2023 01:30:44,Full-time,TRUE,231
user232,Mackenzie,Stuart,68000,Manager,01/10/2020,30/12/2020 01:20:20,Full-time,TRUE,232
user233,Ashlee,Lamb,51000,Developer,02/03/2021,03/11/2023 01:30:44,Full-time,TRUE,233
user234,Danielle,Huang,72000,Analyst,09/10/2020,30/12/2020 01:30:40,Full-time,TRUE,234
user235,Paul,Hendricks,47000,Designer,10/05/2022,03/11/2023 01:30:44,Full-time,TRUE,235
user236,Leslie,Ramos,54000,Engineer,23/03/2022,30/12/2020 01:30:40,Full-time,TRUE,236
user237,Louis,Carpenter,56000,Developer,18/12/2020,03/11/2023 01:30:44,Full-time,TRUE,237
user238,Tanner,Whitehead,76000,Manager,08/11/2020,30/12/2020 01:30:00,Full-time,TRUE,238
user239,Sheri,Arnold,59000,Analyst,12/04/2020,03/11/2023 01:30:44,Full-time,TRUE,239
user240,Hunter,Lawrence,73000,Designer,17/08/2020,30/12/2020 01:30:50,Full-time,TRUE,240
user241,Dennis,Moran,50000,Engineer,18/10/2021,03/11/2023 01:30:44,Full-time,TRUE,241
user242,Karl,Stephens,60000,Manager,03/05/2022,30/12/2020 01:35:30,Full-time,TRUE,242
user243,Brenda,Hale,55000,Developer,26/01/2021,03/11/2023 01:30:44,Full-time,TRUE,243
user244,Nicolas,Lee,65000,Analyst,09/12/2021,30/12/2020 01:20:20,Full-time,TRUE,244
user245,Sonya,Savage,70000,Designer,29/04/2021,03/11/2023 01:30:44,Full-time,TRUE,245
user246,Alfred,Duffy,48000,Engineer,17/11/2021,30/12/2020 01:30:40,Full-time,TRUE,246
user247,Renee,Serrano,52000,Developer,28/03/2020,03/11/2023 01:30:44,Full-time,TRUE,247
user248,Jay,Rosales,75000,Manager,07/05/2020,30/12/2020 01:30:00,Full-time,TRUE,248
user249,Darlene,Arellano,60000,Analyst,01/05/2021,03/11/2023 01:30:44,Full-time,TRUE,249
user250,Clifford,Shea,58000,Designer,01/02/2021,30/12/2020 01:30:50,Full-time,TRUE,250
user251,Rose,Case,53000,Engineer,08/12/2020,03/11/2023 01:30:44,Full-time,TRUE,251
user252,Kaitlyn,Horn,68000,Manager,20/03/2021,30/12/2020 01:35:30,Full-time,TRUE,252
user253,Priscilla,Cortez,51000,Developer,23/09/2020,03/11/2023 01:30:44,Full-time,TRUE,253
user254,Isaiah,Howe,72000,Analyst,27/02/2022,30/12/2020 01:20:20,Full-time,TRUE,254
user255,Kara,Pugh,47000,Designer,22/02/2021,03/11/2023 01:30:44,Full-time,TRUE,255
user256,Leslie,Little,54000,Engineer,03/07/2020,30/12/2020 01:30:40,Full-time,TRUE,256
user257,Maurice,Owen,56000,Developer,25/09/2020,03/11/2023 01:30:44,Full-time,TRUE,257
user258,Penny,Baxter,76000,Manager,06/11/2020,30/12/2020 01:30:00,Full-time,TRUE,258
user259,Morgan,Silva,59000,Analyst,25/11/2020,03/11/2023 01:30:44,Full-time,TRUE,259
user260,Patrick,Barnett,73000,Designer,12/08/2021,30/12/2020 01:30:50,Full-time,TRUE,260
user261,Kristi,Chen,50000,Engineer,20/06/2020,03/11/2023 01:30:44,Full-time,TRUE,261
user262,Geoffrey,Hurley,60000,Manager,25/04/2021,30/12/2020 01:35:30,Full-time,TRUE,262
user263,Gary,Le,55000,Developer,05/01/2021,30/12/2020 01:30:40,Full-time,TRUE,263
user264,Tina,West,65000,Analyst,28/06/2021,03/11/2023 01:30:44,Full-time,TRUE,264
user265,Karen,Campbell,70000,Designer,24/07/2021,30/12/2020 01:30:00,Full-time,TRUE,265
user266,Terrence,Frye,48000,Engineer,10/03/2021,03/11/2023 01:30:44,Full-time,TRUE,266
user267,Cristina,Sanchez,52000,Developer,01/08/2021,30/12/2020 01:30:50,Full-time,TRUE,267
user268,Rebekah,Weiss,75000,Manager,12/03/2020,03/11/2023 01:30:44,Full-time,TRUE,268
user269,Kayla,Ferguson,60000,Analyst,13/10/2020,30/12/2020 01:35:30,Full-time,TRUE,269
user270,Martha,Molina,58000,Designer,07/08/2021,03/11/2023 01:30:44,Full-time,TRUE,270
user271,Janet,Zimmerman,53000,Engineer,10/07/2020,30/12/2020 01:20:20,Full-time,TRUE,271
user272,Jesus,Haynes,68000,Manager,13/11/2021,03/11/2023 01:30:44,Full-time,TRUE,272
user273,Audrey,Levine,51000,Developer,29/05/2022,30/12/2020 01:30:40,Full-time,TRUE,273
user274,Kristina,Larson,72000,Analyst,09/01/2021,03/11/2023 01:30:44,Full-time,TRUE,274
user275,Joanna,Carr,47000,Designer,28/03/2021,30/12/2020 01:30:00,Full-time,TRUE,275
user276,Bianca,Daniel,54000,Engineer,03/03/2021,03/11/2023 01:30:44,Full-time,TRUE,276
user277,Angel,Garcia,56000,Developer,27/07/2021,30/12/2020 01:30:50,Full-time,TRUE,277
user278,Miguel,Morales,76000,Manager,23/11/2020,03/11/2023 01:30:44,Full-time,TRUE,278
user279,Tiffany,Bruce,59000,Analyst,24/10/2021,30/12/2020 01:35:30,Full-time,TRUE,279
user280,Deborah,Atkins,73000,Designer,21/06/2020,03/11/2023 01:30:44,Full-time,TRUE,280
user281,Evelyn,Huynh,50000,Engineer,23/03/2022,30/12/2020 01:20:20,Full-time,TRUE,281
user282,Desiree,Hopkins,60000,Manager,27/05/2020,03/11/2023 01:30:44,Full-time,TRUE,282
user283,Brad,Booker,55000,Developer,26/03/2022,30/12/2020 01:30:40,Full-time,TRUE,283
user284,Sue,Lowe,65000,Analyst,19/09/2020,03/11/2023 01:30:44,Full-time,TRUE,284
user285,Sheena,Donaldson,70000,Designer,12/04/2021,30/12/2020 01:30:00,Full-time,TRUE,285
user286,Kari,Morton,48000,Engineer,27/06/2020,03/11/2023 01:30:44,Full-time,TRUE,286
user287,Phillip,Mccarty,52000,Developer,15/08/2020,30/12/2020 01:30:50,Full-time,TRUE,287
user288,Shawna,Beasley,75000,Manager,03/09/2021,03/11/2023 01:30:44,Full-time,TRUE,288
user289,Ray,Yu,60000,Analyst,01/04/2021,30/12/2020 01:35:30,Full-time,TRUE,289
user290,Damon,Stanton,58000,Designer,06/03/2022,03/11/2023 01:30:44,Full-time,TRUE,290
user291,Annette,Zavala,53000,Engineer,10/07/2020,30/12/2020 01:20:20,Full-time,TRUE,291
user292,Michaela,Keith,68000,Manager,28/08/2020,03/11/2023 01:30:44,Full-time,TRUE,292
user293,Valerie,Pace,51000,Developer,16/10/2021,30/12/2020 01:30:40,Full-time,TRUE,293
user294,Danny,Hall,72000,Analyst,13/11/2021,03/11/2023 01:30:44,Full-time,TRUE,294
user295,Kristy,Paul,47000,Designer,17/02/2020,30/12/2020 01:30:00,Full-time,TRUE,295
user296,Kelsey,Rowland,54000,Engineer,13/01/2022,03/11/2023 01:30:44,Full-time,TRUE,296
user297,Alyssa,Woodard,56000,Developer,08/10/2021,30/12/2020 01:30:50,Full-time,TRUE,297
user298,Deanna,Larsen,76000,Manager,09/06/2020,03/11/2023 01:30:44,Full-time,TRUE,298
user299,Jackson,Sawyer,59000,Analyst,04/05/2022,30/12/2020 01:35:30,Full-time,TRUE,299
user300,Chloe,Hodges,73000,Designer,06/05/2021,03/11/2023 01:30:44,Full-time,TRUE,300
user301,Brooke,Dominguez,50000,Engineer,19/03/2020,30/12/2020 01:20:20,Full-time,TRUE,301
user302,Kristopher,Hammond,60000,Manager,15/05/2021,03/11/2023 01:30:44,Full-time,TRUE,302
user303,Lauren,Allison,55000,Developer,03/04/2021,30/12/2020 01:30:40,Full-time,TRUE,303
user304,Gloria,Walters,65000,Analyst,20/11/2021,03/11/2023 01:30:44,Full-time,TRUE,304
user305,Wanda,Lara,70000,Designer,07/12/2020,30/12/2020 01:30:00,Full-time,TRUE,305
user306,Albert,Mendoza,48000,Engineer,01/10/2020,03/11/2023 01:30:44,Full-time,TRUE,306
user307,Wayne,Gomez,52000,Developer,05/06/2020,30/12/2020 01:30:50,Full-time,TRUE,307
user308,Elijah,Wagner,75000,Manager,06/06/2021,03/11/2023 01:30:44,Full-time,TRUE,308
user309,Vicki,Davies,60000,Analyst,02/02/2020,30/12/2020 01:35:30,Full-time,TRUE,309
user310,Angie,Navarro,58000,Designer,15/10/2021,03/11/2023 01:30:44,Full-time,TRUE,310
user311,Mindy,Kelly,53000,Engineer,25/04/2021,30/12/2020 01:20:20,Full-time,TRUE,311
user312,Dominic,Frost,68000,Manager,09/01/2022,03/11/2023 01:30:44,Full-time,TRUE,312
user313,Judith,Holden,51000,Developer,01/01/2021,30/12/2020 01:30:40,Full-time,TRUE,313
user314,Maria,Conrad,72000,Analyst,15/11/2021,03/11/2023 01:30:44,Full-time,TRUE,314
user315,Phyllis,Fischer,47000,Designer,18/05/2020,30/12/2020 01:30:00,Full-time,TRUE,315
user316,Caitlin,Hardy,54000,Engineer,23/08/2020,03/11/2023 01:30:44,Full-time,TRUE,316
user317,Katie,Rios,56000,Developer,21/11/2021,30/12/2020 01:30:50,Full-time,TRUE,317
user318,Derek,Soto,76000,Manager,12/03/2021,03/11/2023 01:30:44,Full-time,TRUE,318
user319,Maureen,Brown,59000,Analyst,22/02/2021,30/12/2020 01:35:30,Full-time,TRUE,319
user320,Melanie,Ingram,73000,Designer,16/05/2022,03/11/2023 01:30:44,Full-time,TRUE,320
user321,Kristopher,Bailey,50000,Engineer,16/06/2021,30/12/2020 01:20:20,Full-time,TRUE,321
user322,Justin,Hendrix,60000,Manager,01/03/2020,30/12/2020 01:30:40,Full-time,TRUE,322
user323,Curtis,Armstrong,55000,Developer,09/03/2020,03/11/2023 01:30:44,Full-time,TRUE,323
user324,Crystal,Baxter,65000,Analyst,17/04/2022,30/12/2020 01:30:00,Full-time,TRUE,324
user325,Leon,Washington,70000,Designer,01/06/2020,03/11/2023 01:30:44,Full-time,TRUE,325
user326,Erik,Haney,48000,Engineer,25/07/2020,30/12/2020 01:30:50,Full-time,TRUE,326
user327,Faith,Park,52000,Developer,06/08/2020,03/11/2023 01:30:44,Full-time,TRUE,327
user328,Joy,Valencia,75000,Manager,21/08/2020,30/12/2020 01:35:30,Full-time,TRUE,328
user329,Sierra,Green,60000,Analyst,15/01/2021,03/11/2023 01:30:44,Full-time,TRUE,329
user330,Jasmine,Fisher,58000,Designer,24/05/2021,30/12/2020 01:20:20,Full-time,TRUE,330
user331,Anthony,Clarke,53000,Engineer,04/08/2020,03/11/2023 01:30:44,Full-time,TRUE,331
user332,Courtney,Christensen,68000,Manager,04/09/2021,30/12/2020 01:30:40,Full-time,TRUE,332
user333,Jamie,Vincent,51000,Developer,28/12/2021,03/11/2023 01:30:44,Full-time,TRUE,333
user334,Phillip,Burton,72000,Analyst,06/04/2022,30/12/2020 01:30:00,Full-time,TRUE,334
user335,Daisy,Moss,47000,Designer,24/01/2020,03/11/2023 01:30:44,Full-time,TRUE,335
user336,Janet,Cisneros,54000,Engineer,21/04/2020,30/12/2020 01:30:50,Full-time,TRUE,336
user337,Cassidy,Conner,56000,Developer,21/06/2021,03/11/2023 01:30:44,Full-time,TRUE,337
user338,Carrie,Downs,76000,Manager,05/01/2021,30/12/2020 01:35:30,Full-time,TRUE,338
user339,Carmen,Walsh,59000,Analyst,11/05/2020,03/11/2023 01:30:44,Full-time,TRUE,339
user340,Anita,Daniel,73000,Designer,30/06/2020,30/12/2020 01:20:20,Full-time,TRUE,340
user341,Jacob,Livingston,50000,Engineer,04/04/2021,03/11/2023 01:30:44,Full-time,TRUE,341
user342,Brent,Maldonado,60000,Manager,02/02/2020,30/12/2020 01:30:40,Full-time,TRUE,342
user343,Alexandria,Walters,55000,Developer,10/02/2022,03/11/2023 01:30:44,Full-time,TRUE,343
user344,Chase,Cooke,65000,Analyst,26/12/2020,30/12/2020 01:30:00,Full-time,TRUE,344
user345,Brady,Foster,70000,Designer,11/05/2021,03/11/2023 01:30:44,Full-time,TRUE,345
user346,Ronald,Bradshaw,48000,Engineer,31/03/2022,30/12/2020 01:30:50,Full-time,TRUE,346
user347,Bridget,Porter,52000,Developer,06/03/2020,03/11/2023 01:30:44,Full-time,TRUE,347
user348,Meredith,Merritt,75000,Manager,29/04/2022,30/12/2020 01:35:30,Full-time,TRUE,348
user349,Briana,Barnett,60000,Analyst,10/12/2020,03/11/2023 01:30:44,Full-time,TRUE,349
user350,Grant,Mclaughlin,58000,Designer,16/05/2021,30/12/2020 01:20:20,Full-time,TRUE,350
user351,Brandy,Newton,53000,Engineer,30/05/2021,30/12/2020 01:30:40,Full-time,TRUE,351
user352,Guy,Brennan,68000,Manager,06/05/2020,03/11/2023 01:30:44,Full-time,TRUE,352
user353,Ann,Simmons,51000,Developer,18/06/2021,30/12/2020 01:30:00,Full-time,TRUE,353
user354,Willie,Estes,72000,Analyst,08/06/2021,03/11/2023 01:30:44,Full-time,TRUE,354
user355,Joan,Gregory,47000,Designer,01/11/2020,30/12/2020 01:30:50,Full-time,TRUE,355
user356,Rebekah,Barnes,54000,Engineer,17/02/2021,03/11/2023 01:30:44,Full-time,TRUE,356
user357,Meghan,Chaney,56000,Developer,09/09/2020,30/12/2020 01:35:30,Full-time,TRUE,357
user358,Peggy,Mckenzie,76000,Manager,29/07/2021,03/11/2023 01:30:44,Full-time,TRUE,358
user359,Jill,Schaefer,59000,Analyst,08/03/2022,30/12/2020 01:20:20,Full-time,TRUE,359
user360,Drew,Patterson,73000,Designer,25/01/2020,03/11/2023 01:30:44,Full-time,TRUE,360
user361,Melissa,Potts,50000,Engineer,29/10/2021,30/12/2020 01:30:40,Full-time,TRUE,361
user362,Frances,Rosario,60000,Manager,07/01/2020,03/11/2023 01:30:44,Full-time,TRUE,362
user363,Kelli,Adams,55000,Developer,12/03/2020,30/12/2020 01:30:00,Full-time,TRUE,363
user364,Melissa,Boyer,65000,Analyst,22/12/2020,03/11/2023 01:30:44,Full-time,TRUE,364
user365,Cynthia,Bryan,70000,Designer,05/05/2020,30/12/2020 01:30:50,Full-time,TRUE,365
user366,Sandy,Schaefer,48000,Engineer,24/07/2020,03/11/2023 01:30:44,Full-time,TRUE,366
user367,Robert,Perry,52000,Developer,09/04/2022,30/12/2020 01:35:30,Full-time,TRUE,367
user368,Gerald,Morales,75000,Manager,26/02/2020,03/11/2023 01:30:44,Full-time,TRUE,368
user369,Bill,Hardy,60000,Analyst,19/11/2021,30/12/2020 01:20:20,Full-time,TRUE,369
user370,Mallory,Fisher,58000,Designer,05/07/2020,03/11/2023 01:30:44,Full-time,TRUE,370
user371,Kevin,Esparza,53000,Engineer,30/05/2021,30/12/2020 01:30:40,Full-time,TRUE,371
user372,Justin,Mata,68000,Manager,26/03/2022,03/11/2023 01:30:44,Full-time,TRUE,372
user373,Sally,Golden,51000,Developer,21/04/2020,30/12/2020 01:30:00,Full-time,TRUE,373
user374,Samuel,Yates,72000,Analyst,17/03/2021,03/11/2023 01:30:44,Full-time,TRUE,374
user375,Carla,Wolfe,47000,Designer,12/01/2021,30/12/2020 01:30:50,Full-time,TRUE,375
user376,Caitlin,Hendrix,54000,Engineer,19/10/2020,03/11/2023 01:30:44,Full-time,TRUE,376
user377,Willie,Flynn,56000,Developer,24/01/2020,30/12/2020 01:35:30,Full-time,TRUE,377
user378,Sydney,Edwards,76000,Manager,03/04/2020,03/11/2023 01:30:44,Full-time,TRUE,378
user379,Jim,Villegas,59000,Analyst,05/01/2022,30/12/2020 01:20:20,Full-time,TRUE,379
user380,Kaylee,Ramsey,73000,Designer,19/03/2021,03/11/2023 01:30:44,Full-time,TRUE,380
user381,Laura,Zamora,50000,Engineer,15/03/2020,30/12/2020 01:30:40,Full-time,TRUE,381
user382,Sierra,Roberson,60000,Manager,30/04/2022,03/11/2023 01:30:44,Full-time,TRUE,382
user383,Martha,Rhodes,55000,Developer,05/11/2021,30/12/2020 01:30:00,Full-time,TRUE,383
user384,Kristi,Cortez,65000,Analyst,25/03/2022,03/11/2023 01:30:44,Full-time,TRUE,384
user385,Damon,Daugherty,70000,Designer,27/08/2021,30/12/2020 01:30:50,Full-time,TRUE,385
user386,Jeffrey,Hunt,48000,Engineer,02/04/2020,03/11/2023 01:30:44,Full-time,TRUE,386
user387,Rebekah,Valencia,52000,Developer,06/12/2020,30/12/2020 01:35:30,Full-time,TRUE,387
user388,Todd,Quinn,75000,Manager,30/11/2021,03/11/2023 01:30:44,Full-time,TRUE,388
user389,Clarence,Church,60000,Analyst,13/08/2021,30/12/2020 01:20:20,Full-time,TRUE,389
user390,Candice,Livingston,58000,Designer,21/03/2021,03/11/2023 01:30:44,Full-time,TRUE,390
user391,Ana,Lopez,53000,Engineer,26/10/2021,30/12/2020 01:30:40,Full-time,TRUE,391
user392,Norman,Lang,68000,Manager,02/05/2021,03/11/2023 01:30:44,Full-time,TRUE,392
user393,Becky,Allison,51000,Developer,24/05/2021,30/12/2020 01:30:00,Full-time,TRUE,393
user394,Sean,Warren,72000,Analyst,07/10/2020,03/11/2023 01:30:44,Full-time,TRUE,394
user395,Vickie,Finley,47000,Designer,06/10/2021,30/12/2020 01:30:50,Full-time,TRUE,395
user396,Erin,Boyer,54000,Engineer,16/03/2020,03/11/2023 01:30:44,Full-time,TRUE,396
user397,Ariana,Avila,56000,Developer,20/05/2021,30/12/2020 01:35:30,Full-time,TRUE,397
user398,Tanner,Nguyen,76000,Manager,24/04/2020,03/11/2023 01:30:44,Full-time,TRUE,398
user399,Sheila,Cardenas,59000,Analyst,31/03/2020,30/12/2020 01:20:20,Full-time,TRUE,399
user400,Chris,Keith,73000,Designer,21/07/2020,03/11/2023 01:30:44,Full-time,TRUE,400
user401,Bradley,Sanford,50000,Engineer,16/11/2021,30/12/2020 01:30:40,Full-time,TRUE,401
user402,Ariana,Carney,60000,Manager,16/01/2022,03/11/2023 01:30:44,Full-time,TRUE,402
user403,Elizabeth,Logan,55000,Developer,17/04/2020,30/12/2020 01:30:00,Full-time,TRUE,403
user404,Adrienne,White,65000,Analyst,10/01/2022,03/11/2023 01:30:44,Full-time,TRUE,404
user405,Zachary,Shaffer,70000,Designer,30/01/2022,30/12/2020 01:30:50,Full-time,TRUE,405
user406,Mercedes,Hester,48000,Engineer,19/02/2022,03/11/2023 01:30:44,Full-time,TRUE,406
user407,Stephanie,Rivera,52000,Developer,19/10/2020,30/12/2020 01:35:30,Full-time,TRUE,407
user408,Francis,Bradford,75000,Manager,11/01/2022,03/11/2023 01:30:44,Full-time,TRUE,408
user409,Marilyn,Peck,60000,Analyst,30/04/2022,30/12/2020 01:20:20,Full-time,TRUE,409
user410,Greg,Wiggins,58000,Designer,24/03/2020,03/11/2023 01:30:44,Full-time,TRUE,410
user411,Glen,Clarke,53000,Engineer,18/07/2021,30/12/2020 01:30:40,Full-time,TRUE,411
user412,Kevin,Munoz,68000,Manager,13/02/2021,30/12/2020 01:30:40,Full-time,TRUE,412
user413,Jasmine,Brennan,51000,Developer,15/07/2021,03/11/2023 01:30:44,Full-time,TRUE,413
user414,Janice,Baldwin,72000,Analyst,06/07/2021,30/12/2020 01:30:00,Full-time,TRUE,414
user415,Pam,Atkins,47000,Designer,25/08/2021,03/11/2023 01:30:44,Full-time,TRUE,415
user416,Bill,Gates,54000,Engineer,17/03/2020,30/12/2020 01:30:50,Full-time,TRUE,416
user417,Hayley,Swanson,56000,Developer,11/02/2022,03/11/2023 01:30:44,Full-time,TRUE,417
user418,Jack,Maddox,76000,Manager,31/08/2021,30/12/2020 01:35:30,Full-time,TRUE,418
user419,Judy,Middleton,59000,Analyst,20/03/2021,03/11/2023 01:30:44,Full-time,TRUE,419
user420,Allison,Hill,73000,Designer,08/12/2021,30/12/2020 01:20:20,Full-time,TRUE,420
user421,Jack,Robbins,50000,Engineer,02/12/2020,03/11/2023 01:30:44,Full-time,TRUE,421
user422,Lisa,Blackwell,60000,Manager,30/04/2020,30/12/2020 01:30:40,Full-time,TRUE,422
user423,Cole,Byrd,55000,Developer,01/02/2020,03/11/2023 01:30:44,Full-time,TRUE,423
user424,Randy,Gomez,65000,Analyst,03/03/2020,30/12/2020 01:30:00,Full-time,TRUE,424
user425,Ashlee,Koch,70000,Designer,28/04/2021,03/11/2023 01:30:44,Full-time,TRUE,425
user426,Mitchell,Horton,48000,Engineer,30/06/2021,30/12/2020 01:30:50,Full-time,TRUE,426
user427,Guy,Williams,52000,Developer,16/02/2020,03/11/2023 01:30:44,Full-time,TRUE,427
user428,Erika,Thompson,75000,Manager,14/11/2021,30/12/2020 01:35:30,Full-time,TRUE,428
user429,Autumn,Rogers,60000,Analyst,29/07/2021,03/11/2023 01:30:44,Full-time,TRUE,429
user430,Dan,Murray,58000,Designer,06/06/2021,30/12/2020 01:20:20,Full-time,TRUE,430
user431,Herbert,Tran,53000,Engineer,22/11/2020,03/11/2023 01:30:44,Full-time,TRUE,431
user432,Zoe,Rojas,68000,Manager,14/05/2020,30/12/2020 01:30:40,Full-time,TRUE,432
user433,Theresa,Holt,51000,Developer,26/08/2021,03/11/2023 01:30:44,Full-time,TRUE,433
user434,Kristi,Dixon,72000,Analyst,04/12/2021,30/12/2020 01:30:00,Full-time,TRUE,434
user435,Marisa,Patrick,47000,Designer,15/12/2021,03/11/2023 01:30:44,Full-time,TRUE,435
user436,Tricia,Fletcher,54000,Engineer,26/06/2020,30/12/2020 01:30:50,Full-time,TRUE,436
user437,Daniel,Carrillo,56000,Developer,03/12/2021,03/11/2023 01:30:44,Full-time,TRUE,437
user438,Parker,Brady,76000,Manager,10/07/2021,30/12/2020 01:35:30,Full-time,TRUE,438
user439,Summer,Hancock,59000,Analyst,26/02/2021,03/11/2023 01:30:44,Full-time,TRUE,439
user440,Samantha,Maddox,73000,Designer,24/06/2021,30/12/2020 01:20:20,Full-time,TRUE,440
user441,Chelsey,Tapia,50000,Engineer,17/05/2020,03/11/2023 01:30:44,Full-time,TRUE,441
user442,Kayla,Fry,60000,Manager,14/01/2020,30/12/2020 01:30:40,Full-time,TRUE,442
user443,Dave,Jensen,55000,Developer,27/10/2020,03/11/2023 01:30:44,Full-time,TRUE,443
user444,Colin,Hammond,65000,Analyst,27/09/2020,30/12/2020 01:30:00,Full-time,TRUE,444
user445,Jay,Bright,70000,Designer,29/03/2022,03/11/2023 01:30:44,Full-time,TRUE,445
user446,Caitlyn,Cross,48000,Engineer,10/05/2020,30/12/2020 01:30:50,Full-time,TRUE,446
user447,Sydney,Burnett,52000,Developer,31/01/2022,03/11/2023 01:30:44,Full-time,TRUE,447
user448,Sherry,Vincent,75000,Manager,02/10/2020,30/12/2020 01:35:30,Full-time,TRUE,448
user449,Ricardo,Pena,60000,Analyst,21/08/2021,03/11/2023 01:30:44,Full-time,TRUE,449
user450,Anne,Harper,58000,Designer,03/04/2021,30/12/2020 01:20:20,Full-time,TRUE,450
user451,Sierra,Crane,53000,Engineer,25/01/2022,03/11/2023 01:30:44,Full-time,TRUE,451
user452,Joseph,Steele,68000,Manager,21/03/2020,30/12/2020 01:30:40,Full-time,TRUE,452
user453,Destiny,Snow,51000,Developer,18/10/2020,03/11/2023 01:30:44,Full-time,TRUE,453
user454,Jaclyn,Cardenas,72000,Analyst,24/03/2022,30/12/2020 01:30:00,Full-time,TRUE,454
user455,Monica,Duffy,47000,Designer,27/12/2021,03/11/2023 01:30:44,Full-time,TRUE,455
user456,Logan,Dickerson,54000,Engineer,13/08/2021,30/12/2020 01:30:50,Full-time,TRUE,456
user457,Sonya,Calderon,56000,Developer,07/04/2022,03/11/2023 01:30:44,Full-time,TRUE,457
user458,Daniel,Charles,76000,Manager,07/03/2020,30/12/2020 01:35:30,Full-time,TRUE,458
user459,Ellen,Mayo,59000,Analyst,13/11/2021,03/11/2023 01:30:44,Full-time,TRUE,459
user460,Bryan,Odom,73000,Designer,09/05/2022,30/12/2020 01:20:20,Full-time,TRUE,460
user461,Lydia,Banks,50000,Engineer,26/07/2020,03/11/2023 01:30:44,Full-time,TRUE,461
user462,Kathleen,Everett,60000,Manager,04/09/2020,30/12/2020 01:30:40,Full-time,TRUE,462
user463,Mckenzie,Joyce,55000,Developer,22/09/2020,03/11/2023 01:30:44,Full-time,TRUE,463
user464,Ivan,Kim,65000,Analyst,03/09/2021,30/12/2020 01:30:00,Full-time,TRUE,464
user465,Shirley,Anthony,70000,Designer,08/05/2020,03/11/2023 01:30:44,Full-time,TRUE,465
user466,Collin,Ortega,48000,Engineer,05/11/2021,30/12/2020 01:30:50,Full-time,TRUE,466
user467,Alisha,Brooks,52000,Developer,12/04/2021,03/11/2023 01:30:44,Full-time,TRUE,467
user468,Ruben,Berger,75000,Manager,12/06/2020,30/12/2020 01:35:30,Full-time,TRUE,468
user469,Faith,Flores,60000,Analyst,12/01/2020,03/11/2023 01:30:44,Full-time,TRUE,469
user470,Briana,Melton,58000,Designer,25/06/2021,30/12/2020 01:20:20,Full-time,TRUE,470
user471,Colleen,Duffy,53000,Engineer,01/01/2021,03/11/2023 01:30:44,Full-time,TRUE,471
user472,Amber,Andrade,68000,Manager,17/02/2020,30/12/2020 01:30:40,Full-time,TRUE,472
user473,Samantha,Singh,51000,Developer,05/04/2022,03/11/2023 01:30:44,Full-time,TRUE,473
user474,Edward,Mcclain,72000,Analyst,07/08/2021,30/12/2020 01:30:00,Full-time,TRUE,474
user475,Leon,Harmon,47000,Designer,23/09/2020,03/11/2023 01:30:44,Full-time,TRUE,475
user476,Misty,Fry,54000,Engineer,24/11/2021,30/12/2020 01:30:50,Full-time,TRUE,476
user477,Kirsten,Gardner,56000,Developer,12/05/2022,03/11/2023 01:30:44,Full-time,TRUE,477
user478,Lacey,Levy,76000,Manager,26/08/2020,30/12/2020 01:35:30,Full-time,TRUE,478
user479,Kristina,Daniel,59000,Analyst,19/01/2021,03/11/2023 01:30:44,Full-time,TRUE,479
user480,Cory,Mcintyre,73000,Designer,06/04/2020,30/12/2020 01:20:20,Full-time,TRUE,480
user481,Christian,Thornton,50000,Engineer,21/10/2020,03/11/2023 01:30:44,Full-time,TRUE,481
user482,Brent,Moses,60000,Manager,06/08/2021,30/12/2020 01:30:40,Full-time,TRUE,482
user483,Andres,Hebert,55000,Developer,30/07/2020,03/11/2023 01:30:44,Full-time,TRUE,483
user484,Jerome,Bolton,65000,Analyst,21/03/2022,30/12/2020 01:30:00,Full-time,TRUE,484
user485,Krystal,James,70000,Designer,03/04/2020,03/11/2023 01:30:44,Full-time,TRUE,485
user486,Helen,Farmer,48000,Engineer,11/09/2021,30/12/2020 01:30:50,Full-time,TRUE,486
user487,Stacie,Ali,52000,Developer,24/05/2021,03/11/2023 01:30:44,Full-time,TRUE,487
user488,Tricia,Waller,75000,Manager,01/09/2020,30/12/2020 01:35:30,Full-time,TRUE,488
user489,Tina,Best,60000,Analyst,09/08/2021,03/11/2023 01:30:44,Full-time,TRUE,489
user490,Hailey,Werner,58000,Designer,22/04/2022,30/12/2020 01:20:20,Full-time,TRUE,490
user491,Dan,Kerr,53000,Engineer,16/10/2021,03/11/2023 01:30:44,Full-time,TRUE,491
user492,Louis,Alvarado,68000,Manager,16/01/2020,30/12/2020 01:30:40,Full-time,TRUE,492
user493,Melvin,Reese,51000,Developer,20/07/2021,03/11/2023 01:30:44,Full-time,TRUE,493
user494,Alice,Whitehead,72000,Analyst,13/10/2021,30/12/2020 01:30:00,Full-time,TRUE,494
user495,Ray,Tran,47000,Designer,02/02/2021,03/11/2023 01:30:44,Full-time,TRUE,495
user496,Crystal,Barry,54000,Engineer,08/02/2020,30/12/2020 01:30:50,Full-time,TRUE,496
user497,Melinda,Palmer,56000,Developer,13/04/2020,03/11/2023 01:30:44,Full-time,TRUE,497
user498,Max,Stevens,76000,Manager,16/07/2020,30/12/2020 01:35:30,Full-time,TRUE,498
user499,Kylie,Pugh,59000,Analyst,24/01/2020,03/11/2023 01:30:44,Full-time,TRUE,499
user500,Lee,Boyle,73000,Designer,02/03/2021,30/12/2020 01:20:20,Full-time,TRUE,500